Амурская;г. Благовещенск
Архангельская;г. Архангельск
Астраханская;г. Астрахань
Белгородская;г. Белгород
Брянская;г. Брянск
Владимирская;г. Владимир
Волгоградская;г. Волгоград
Вологодская;г. Вологда
Воронежская;г. Воронеж
Ивановская;г. Иваново
Иркутская;г. Иркутск
Калининградская;г. Калининград
Калужская;г. Калуга
Кемеровская;г. Кемерово
Кировская;г. Киров
Костромская;г. Кострома
Курганская;г. Курган
Курская;г. Курск
Ленинградская;г. Санкт-Петербург
Липецкая;г. Липецк
Магаданская;г. Магадан
Московская;г. Москва
Мурманская;г. Мурманск
Нижегородская;г. Нижний Новгород
Новгородская;г. Новгород
Новосибирская;г. Новосибирск
Омская;г. Омск
Оренбургская;г. Оренбург
Орловская;г. Орел
Пензенская;г. Пенза
Псковская;г. Псков
Ростовская;г. Ростов-на-Дону
Рязанская;г. Рязань
Самарская;г. Самара
Саратовская;г. Саратов
Сахалинская;г. Южно-Сахалинск
Свердловская;г. Екатеринбург
Смоленская;г. Смоленск
Тамбовская;г. Тамбов
Тверская;г. Тверь
Томская;г. Томск
Тульская;г. Тула
Тюменская;г. Тюмень
Ульяновская;г. Ульяновск
Челябинская;г. Челябинск
Ярославская;г. Ярославль
Адыгея;г. Майкоп
Алтай;г. Горно-Алтайск
Башкортостан;г. Уфа
Бурятия;г. Улан-Удэ
Дагестан;г. Махачкала
Ингушетия;г. Магас
Кабардино-Балкария;г. Нальчик
Калмыкия;г. Элиста
Карачаево-Черкесская;г. Черкесск
Карелия;г. Петрозаводск
Коми;г. Сыктывкар
Марий Эл;г. Йошкар-Ола
Мордовия;г. Саранск
Саха;г. Якутск
Северная Осетия-Алания;г. Владикавказ
Татарстан;г. Казань
Тыва;г. Кызыл
Удмуртия;г. Ижевск
Хакасия;г. Абакан
Чечня;г. Грозный
Чувашская;г. Чебоксары
Крым;г. Симферополь
Алтайский;г. Барнаул
Забайкальский;г. Чита
Камчатский;г. Петропавловск-Камчатский
Краснодарский;г. Краснодар
Красноярский;г. Красноярск
Пермский;г. Пермь
Приморский;г. Владивосток
Ставропольский;г. Ставрополь
Хабаровский;г. Хабаровск
Ненецкий;г. Нарьян-Мар
Ханты-Мансийский;г. Ханты-Мансийск
Чукотский;г. Анадырь
Ямало-Ненецкий;г. Салехард
Еврейская;г. Биробиджан
